[
  {
    "count": 1,
    "color": "default",
    "title": "Lord of the Hunt",
    "icon": "imp-laugh",
    "contents": [
    ],
    "tags": [
      "creature",
      "Fey",
      "subrace:",
      "Structure: Lawful",
      "Alignment: Neutral",
      "Legendary: No",
      "Book: Tome_Beast_31"
    ],
    "background_image": "https://www.colorcombos.com/images/colors/FFFFFF.png"
  },
  {
    "count": 1,
    "color": "default",
    "title": "Lord of the Hunt",
    "icon": "imp-laugh",
    "contents": [
    ],
    "tags": [
      "creature",
      "Fey",
      "subrace:",
      "Structure: Lawful",
      "Alignment: Neutral",
      "Legendary: No",
      "Book: Tome_Beast_31"
    ],
    "background_image": "https://www.colorcombos.com/images/colors/FFFFFF.png"
  },
  {
    "count": 1,
    "color": "default",
    "title": "Lord of the Hunt",
    "icon": "imp-laugh",
    "contents": [
    ],
    "tags": [
      "creature",
      "Fey",
      "subrace:",
      "Structure: Lawful",
      "Alignment: Neutral",
      "Legendary: No",
      "Book: Tome_Beast_31"
    ],
    "background_image": "https://www.colorcombos.com/images/colors/FFFFFF.png"
  },
  {
    "count": 1,
    "color": "default",
    "title": "Lord of the Hunt",
    "icon": "imp-laugh",
    "contents": [
    ],
    "tags": [
      "creature",
      "Fey",
      "subrace:",
      "Structure: Lawful",
      "Alignment: Neutral",
      "Legendary: No",
      "Book: Tome_Beast_31"
    ],
    "background_image": "https://www.colorcombos.com/images/colors/FFFFFF.png"
  }
]